"CODCLI","CIVCLI","NOMCLI","PRENCLI","CATCLI","ADNCLI","ADRCLI","CPCLI","VILCLI","PAYSCLI","MAILCLI","TELCLI","DATNAISCLI","DPREMCONTACTCLI","OBSCLI","REMCLI","GENRECLI"
"C001","Madame(<?!2ANOMALY>)","CLEM@ENT","EVE","1(<?!2ANOMALY>)","18","BOULEVARD FOCH","91000","EPINAY-SUR-ORGE","FRANCE","eve.clement@gmail.com","+33777889911","17-06-1951","12-12-2012","","","F"
"C002","Madame(<?!2ANOMALY>)","LESEUL","M@RIE","1(<?!2ANOMALY>)","17","AVENUE D ITALIE","75013","PARIS","FRANCE","marieleseul@yahoo.fr","0617586565","05-08-1983(<?!2ANOMALY>)","05-08-1983(<?!2ANOMALY>)","","","F"
"C003","Madame","UNIQUE","Inès","2","77","RUE DE LA LIBERTE","13001","MARCHEILLLE","FRANCE","munique@gmail.com","+33717889922","22-11-1969","12-12-2012","","","F"
"C004","Madame","CLEMENCE","EVELYNE","4","8 BIS","FOCH","93800","EPINAY-SUR-SEINE","FRANCE","clemence evelyne@gmail.com","+33777889933","","","","","F"
"C005","Madam(<?!2ANOMALY>)","FORT","anne marie","3(<?!2ANOMALY>)","55","RUE DU JAPON","94310","ORLY-VILLE","FRANCE","jfort\@hotmail.fr","+33777889944","11-11-2000","","","","F"
"C006","Mademoisele(<?!2ANOMALY>)","LE BON","Clémence","1(<?!2ANOMALY>)","18","BOULEVARD FOCH","93800","EPINAY-SUR-SEINE","FRANCE","clemence.le bon@cfo.fr","0033777889955","16-10-1996","18-10-2018","","","F"
"C007","Mademoiselle(<?!2ANOMALY>)","TRAIFOR","Alice","2(<?!2ANOMALY>)","6","    DE LA ROSIERE","75015","PARIS","FRANCE","alice.traifor@yahoo.fr","+33777889966","23-02-1998","","","","F"
"C008","Monsieur","VIVANT","JEAN-BAPTISTE","1","13","RUE DE LA PAIX","93800","EPINAY-SUR-SEINE","FRANCE","jeanbaptiste@","0607","17-09-1958","17-09-2000","","","F"
"C009","Monsieur","CLEMENCE","Alexandre","1","5","Rue De Belleville","75019","PARIS","","alexandre.clemence@up13.fr","+33149404071","19-09-1999","20-10-2020","","","F"
"C010","Monsieur","TRAIFOR","Alexandre","1","17","AVENUE FOCH","75016","PARIS","FRA","alexandre.traifor@up13.fr","06070809","17-07-1967","17-09-2000","","","F"
"C011","Monsiieur(<?!2ANOMALY>)","PREMIER","JOS//EPH","2(<?!2ANOMALY>)","77//","RUE// DE LA LIBERTE","13001","MARCHEILLE","FRANCE","josef@premier","+33777889977","01-01-2000","20-10-2020","","","F"
"C012","Monsieur(<?!2ANOMALY>)","CLEMENT","Adam","2(<?!2ANOMALY>)","13","AVENUE JEAN BAPTISTE CLEMENT","9430","VILLETANEUSE","FRANCE","adam.clement@gmail.com","+33149404072","19-06-2001","","","","F"
"C013","Monsieur","FORT","Gabriel","5","1","AVENUE DE CARTAGE","99000","TUNIS","TUNISIE","gabriel.fort@yahoo.fr","+21624801777","05-05-1985","17-09-2000","","","F"
"C014","Monsieur","ADAM","ADAMO","5","1","AVENUE DE ROME","99001","ROME","ITALIE","adamo.adamé@gmail com","","12-12-2000","20-10-2020","","","F"
"C015","Monsieur(<?!2ANOMALY>)","Labsent","pala","7(<?!2ANOMALY>)","1","rue des absents","000","BAGDAD","IRAQ","pala-labsent@paici","","","","","","F"
"C016","Madame(<?!2ANOMALY>)","obsolete","kadym","7(<?!2ANOMALY>)","1","rue des anciens","000","CARTHAGE","IFRIQIA","inexistant","inexistant","","","","","F"
"C017","Madame(<?!2ANOMALY>)","RAHYM","Karym","1(<?!2ANOMALY>)","1","RUE DES GENTILS","1000","CARTHAGE","TUNISIE","karym.rahym@gmail.com","+21624808444","01-01-1990","05-01-2021","","","F"
"C018","Madame","GENIE","ADAM","6","8","BOULEVARD FOCH","93800","EPINAY SUR SEINE","FRANCE","adam.génie@gmail.com","+33777889911","01-01-1990","11-11-2011","","","F"
"C019","Madame(<?!2ANOMALY>)","GENIE","GENIALE","3(<?!2ANOMALY>)","16","AVENUE FOCH","75016","PARIS","FRANCE","genialegenie@gmail.com","+33777889900","17-09-1988","11-11-2011","","","F"
"C020","Madame(<?!2ANOMALY>)","GENIe","GENIAL","3(<?!2ANOMALY>)","16","AVENUE FOCH","75016","PARIS","FRENCE","genialegenie@gmail.com","0777889900","17-09-1988","11-11-2011","","","F"
"C021","Madame(<?!2ANOMALY>)","LAPARISIENNE","Belle","3(<?!2ANOMALY>)","26","AVENUE FOCH","75016","PARIS","","belle.laparisienne@gmail.com","+33777889977","17-09-1988","11-11-2011","","","F"
"C022","Mademoiselle(<?!2ANOMALY>)","AFRICAINE(<?!2ANOMALY>)","Belle","9(<?!2ANOMALY>)","26","AVENUE FOCH","75016","PARIS(<?!2ANOMALY>)","","belle.africaine@hotmail.com","+33777889911","17-09-1988","11-11-2011","","","F"
"C023","Mademoiselle(<?!2ANOMALY>)","AFRICAINE","Belle","9(<?!2ANOMALY>)","26","AVENUE FOCH","75016","DAKAR","","africaineb@gmail.com","+33777889922","17-09-1988","11-11-2011","","","F"
"C118","Madame(<?!2ANOMALY>)","GENIE","Adam","3(<?!2ANOMALY>)","8","BOULEVARD FOCH","93800","     EPINAY    SUR     SEINE","FRANCE","adam.génie@gmail.com","+33777889911","17-09-1988","","","","F"
"C119","MadamE(<?!2ANOMALY>)","UNE","Marie","6(<?!2ANOMALY>)","17","AVENUE D ITALIE","75013","PARIS","   FRANCE","marieune@gmail.com","0617586575","01-01-1991","","","","F"
"C120","MADAME(<?!2ANOMALY>)","1","MARIE","1(<?!2ANOMALY>)","17","AVENUE D ITALIE","75013","PARIS","FRANCE","MARIEUNE@GMAIL.COM","0617586575","01-01-1991","","","","F"
"C121","Monsieur","2 PAR 2","Girard","1","27","AVENUE D ITALIE","75013","PARIS","FRANCE","2PAR2@GMAIL.COM","0617586577","02-02-1982","","","","F"
"C122","Monsieur","DE PAR DE","GIRARD","1","27","AVENUE D-ITALIE","75013","     PARIS     ","FRANCE","2PAR2@GMAIL.COM","0617586577","02-02-1982","","","","F"
"C123","Monsieur","DE PAR DE","GIRARD","1","27","AVENUE D'ITALIE","75013","     PARIS     ","   FRANCE       ","2PAR2@GMAIL.COM","0617586577","","","","","F"
"C124","Monsieur","DE    PAR       DE","Girard","1","27","AVENUE D_ITALIE","75013","     PARIS     ","FRANCE","2PAR2@GMAIL.COM","0617586577","02-02-1982","","","","F"
"C125","Monsieur","       DE PAR DE","Girard","1","27","AVENUE D_ITALIE","75013","     PARIS     ","france","2PAR2@GMAIL.COM","0617586577","02-02-1982","","","","F"
"C126","Monsieur","       DE PAR DE","Gir@rd","1","27","AVENUE@D_ITALIE/","75013","     paris     ","france","2PAR2@GMAIL.COM","0617586577","02-02-1982","","","","F"
"C127","Monsieur","SMITH","John","1","","","","LONDON","United-Kingdom","","","03-03-1983","","","","F"
"C128","Monsieur","BIDON","Jade","1","","","","LONDON","United-KINGDOM","","","17-07-1977","","","","F"
"C129","Monsieur","STOne","Brakeur","1","","","","LONDON","United-KINGDOM","","","18-08-1988","","","","F"
"C130","MADAM(<?!2ANOMALY>)","STOne","Jane","1(<?!2ANOMALY>)","","","","Oxford","United KINGDOM","","","","","","","F"
"C131","MONsieur(<?!2ANOMALY>)","CATS","BiLL","9(<?!2ANOMALY>)","","Maison Planchhhe","","NEW-YORk","UNITED-STATS-AMERICA","","","17-09-1978","","","","F"
"C295","MONSIEUr(<?!2ANOMALY>)","MOUCHE","Gorge","3(<?!2ANOMALY>)","-","-","-","L'Hay-Les-Roses","-","usapresident@labas.com","-","02-02-1950","20-01-1991","","","F"
"C296","MONSIEUR(<?!2ANOMALY>)","MOUBARAK","OOObana","3(<?!2ANOMALY>)","-","-","-","-","-","-","-","15-05-1965","20-01-2008","","","F"
"C297","MADAME(<?!2ANOMALY>)","CLEANTOOON","Hilally","3(<?!2ANOMALY>)","-","-","-","-","-","-","-","15-05-1966","20-01-2016","","","F"
"C298     ","monsieur(<?!2ANOMALY>)","TROMPE.","Ronald","-3(<?!2ANOMALY>)","-","-","-","-","-","usapresident@labas.com","-","10-10-1945","20-01-2016","","",""
"     C299","MONSIEUuR    (<?!2ANOMALY>)","BIDON!","Joie","3(<?!2ANOMALY>)","-","-","-","-","-","-","-","10-10-1941","03-11-2020","-","","F"
"C300","MONSIEUR(<?!2ANOMALY>)","HOBAAAMA","M'Barek","3(<?!2ANOMALY>)","-","-","-","-","-","-","-","10-10-1985","20-01-2008","-","","F"
"C554","Monsieur","ALIBABA","Mystere","1","55","Rue De Belleville","75019","PARIS","FRANCE","sezameouvretoi.alibaba.myster@gmail.com","0697837311","12-12-1992","","","","F"
"C555","Madame","SMART","Data","2","55","RUE DE BELLEVILLE","75019","PARIS","FRANCE","smartdata@gmail.com","+33755555555","","","","","F"
