"CODCLI","CIVCLI","NOMCLI","PRENCLI","CATCLI","ADNCLI","ADRCLI","CPCLI","VILCLI","PAYSCLI","MAILCLI","TELCLI","DATNAISCLI","DPREMCONTACTCLI","OBSCLI","REMCLI","GENRECLI","GSCLI","KEYWORDSCLI"
"C001","Madame(<?!2ANOMALY>)","CLEM@ENT(<?!1ANOMALY>)","EVE(<?!1ANOMALY>)","1(<?!2ANOMALY>)","18","BOULEVARD FOCH","91000","EPINAY-SUR-ORGE","FRANCE","eve.clement@gmail.com","+33777889911","17-06-1951","12-12-2012(<?!1ANOMALY>)","","","F","",""
"C002","Madame(<?!2ANOMALY>)","LESEUL","M@RIE(<?!1ANOMALY>)","1(<?!2ANOMALY>)","17","AVENUE D ITALIE","75013","PARIS","FRANCE","marieleseul@yahoo.fr","0617586565(<?!1ANOMALY>)","05-08-1983(<?!2ANOMALY>)","05-08-1983(<?!1ANOMALY>)(<?!2ANOMALY>)","","","F","",""
"C003","Madame","UNIQUE","Inès","2","77","RUE DE LA LIBERTE","13001","MARCHEILLLE(<?!1ANOMALY>)","FRANCE","munique@gmail.com","+33717889922","22-11-1969","12-12-2012(<?!1ANOMALY>)","","","F","",""
"C004","Madame","CLEMENCE","EVELYNE(<?!1ANOMALY>)","4","8 BIS(<?!1ANOMALY>)","FOCH(<?!1ANOMALY>)","93800","EPINAY-SUR-SEINE","FRANCE","clemence evelyne@gmail.com(<?!1ANOMALY>)","+33777889933","","","","","F","",""
"C005","Madam(<?!1ANOMALY>)(<?!2ANOMALY>)","FORT","anne marie(<?!1ANOMALY>)","3(<?!2ANOMALY>)","55","RUE DU JAPON","94310","ORLY-VILLE","FRANCE","jfort\@hotmail.fr(<?!1ANOMALY>)","+33777889944","11-11-2000","","","","F","",""
"C006","Mademoisele(<?!1ANOMALY>)(<?!2ANOMALY>)","LE BON","Clémence","1(<?!2ANOMALY>)","18","BOULEVARD FOCH","93800","EPINAY-SUR-SEINE","FRANCE","clemence.le bon@cfo.fr(<?!1ANOMALY>)","0033777889955","16-10-1996","18-10-2018(<?!1ANOMALY>)","","","F","",""
"C007","Mademoiselle(<?!2ANOMALY>)","TRAIFOR","Alice","2(<?!2ANOMALY>)","6","    DE LA ROSIERE(<?!1ANOMALY>)","75015","PARIS","FRANCE","alice.traifor@yahoo.fr","+33777889966","23-02-1998","","","","F","",""
"C008","Monsieur","VIVANT","JEAN-BAPTISTE(<?!1ANOMALY>)","1","13","RUE DE LA PAIX","93800","EPINAY-SUR-SEINE","FRANCE","jeanbaptiste@(<?!1ANOMALY>)","0607(<?!1ANOMALY>)","17-09-1958","17-09-2000(<?!1ANOMALY>)","","","F","",""
"C009","Monsieur","CLEMENCE","Alexandre","1","5","Rue De Belleville(<?!1ANOMALY>)","75019","PARIS","","alexandre.clemence@up13.fr","+33149404071","19-09-1999","20-10-2020(<?!1ANOMALY>)","","","F","",""
"C010","Monsieur","TRAIFOR","Alexandre","1","17","AVENUE FOCH","75016","PARIS","FRA","alexandre.traifor@up13.fr","06070809(<?!1ANOMALY>)","17-07-1967","17-09-2000(<?!1ANOMALY>)","","","F","",""
"C011","Monsiieur(<?!1ANOMALY>)(<?!2ANOMALY>)","PREMIER","JOS//EPH(<?!1ANOMALY>)","2(<?!2ANOMALY>)","77//(<?!1ANOMALY>)","RUE// DE LA LIBERTE(<?!1ANOMALY>)","13001","MARCHEILLE","FRANCE","josef@premier(<?!1ANOMALY>)","+33777889977","01-01-2000","20-10-2020(<?!1ANOMALY>)","","","F","",""
"C012","Monsieur(<?!2ANOMALY>)","CLEMENT","Adam","2(<?!2ANOMALY>)","13","AVENUE JEAN BAPTISTE CLEMENT","9430(<?!1ANOMALY>)","VILLETANEUSE","FRANCE","adam.clement@gmail.com","+33149404072","19-06-2001","","","","F","",""
"C013","Monsieur","FORT","Gabriel","5","1","AVENUE DE CARTAGE","99000","TUNIS","TUNISIE","gabriel.fort@yahoo.fr","+21624801777(<?!1ANOMALY>)","05-05-1985","17-09-2000(<?!1ANOMALY>)","","","F","",""
"C014","Monsieur","ADAM","ADAMO(<?!1ANOMALY>)","5","1","AVENUE DE ROME","99001","ROME","ITALIE","adamo.adamé@gmail com(<?!1ANOMALY>)","","12-12-2000","20-10-2020(<?!1ANOMALY>)","","","F","",""
"C015","Monsieur(<?!2ANOMALY>)","Labsent(<?!1ANOMALY>)","pala(<?!1ANOMALY>)","7(<?!2ANOMALY>)","1","rue des absents(<?!1ANOMALY>)","000(<?!1ANOMALY>)","BAGDAD","IRAQ","pala-labsent@paici(<?!1ANOMALY>)","","","","","","F","",""
"C016","Madame(<?!2ANOMALY>)","obsolete(<?!1ANOMALY>)","kadym(<?!1ANOMALY>)","7(<?!2ANOMALY>)","1","rue des anciens(<?!1ANOMALY>)","000(<?!1ANOMALY>)","CARTHAGE","IFRIQIA","inexistant(<?!1ANOMALY>)","inexistant(<?!1ANOMALY>)","","","","","F","",""
"C017","Madame(<?!2ANOMALY>)","RAHYM","Karym","1(<?!2ANOMALY>)","1","RUE DES GENTILS","1000(<?!1ANOMALY>)","CARTHAGE","TUNISIE","karym.rahym@gmail.com","+21624808444(<?!1ANOMALY>)","01-01-1990","05-01-2021(<?!1ANOMALY>)","","","F","",""
"C018","Madame","GENIE","ADAM(<?!1ANOMALY>)","6","8","BOULEVARD FOCH","93800","EPINAY SUR SEINE","FRANCE","adam.génie@gmail.com(<?!1ANOMALY>)","+33777889911","01-01-1990","11-11-2011(<?!1ANOMALY>)","","","F","",""
"C019","Madame(<?!2ANOMALY>)","GENIE","GENIALE(<?!1ANOMALY>)","3(<?!2ANOMALY>)","16","AVENUE FOCH","75016","PARIS","FRANCE","genialegenie@gmail.com","+33777889900","17-09-1988","11-11-2011(<?!1ANOMALY>)","","","F","",""
"C020","Madame(<?!2ANOMALY>)","GENIe(<?!1ANOMALY>)","GENIAL(<?!1ANOMALY>)","3(<?!2ANOMALY>)","16","AVENUE FOCH","75016","PARIS","FRENCE","genialegenie@gmail.com","0777889900(<?!1ANOMALY>)","17-09-1988","11-11-2011(<?!1ANOMALY>)","","","F","",""
"C021","Madame(<?!2ANOMALY>)","LAPARISIENNE","Belle","3(<?!2ANOMALY>)","26","AVENUE FOCH","75016","PARIS","","belle.laparisienne@gmail.com","+33777889977","17-09-1988","11-11-2011(<?!1ANOMALY>)","","","F","",""
"C022","Mademoiselle(<?!2ANOMALY>)","AFRICAINE(<?!2ANOMALY>)","Belle","9(<?!2ANOMALY>)","26","AVENUE FOCH","75016","PARIS(<?!2ANOMALY>)","","belle.africaine@hotmail.com","+33777889911","17-09-1988","11-11-2011(<?!1ANOMALY>)","","","F","",""
"C023","Mademoiselle(<?!2ANOMALY>)","AFRICAINE","Belle","9(<?!2ANOMALY>)","26","AVENUE FOCH","75016","DAKAR","","africaineb@gmail.com","+33777889922","17-09-1988","11-11-2011(<?!1ANOMALY>)","","","F","",""
"C118","Madame(<?!2ANOMALY>)","GENIE","Adam","3(<?!2ANOMALY>)","8","BOULEVARD FOCH","93800","     EPINAY    SUR     SEINE","FRANCE","adam.génie@gmail.com(<?!1ANOMALY>)","+33777889911","17-09-1988","","","","F","",""
"C119","MadamE(<?!1ANOMALY>)(<?!2ANOMALY>)","UNE","Marie","6(<?!2ANOMALY>)","17","AVENUE D ITALIE","75013","PARIS","   FRANCE","marieune@gmail.com","0617586575(<?!1ANOMALY>)","01-01-1991","","","","F","",""
"C120","MADAME(<?!1ANOMALY>)(<?!2ANOMALY>)","1(<?!1ANOMALY>)","MARIE(<?!1ANOMALY>)","1(<?!2ANOMALY>)","17","AVENUE D ITALIE","75013","PARIS","FRANCE","MARIEUNE@GMAIL.COM","0617586575(<?!1ANOMALY>)","01-01-1991","","","","F","",""
"C121","Monsieur","2 PAR 2(<?!1ANOMALY>)","Girard","1","27","AVENUE D ITALIE","75013","PARIS","FRANCE","2PAR2@GMAIL.COM(<?!1ANOMALY>)","0617586577(<?!1ANOMALY>)","02-02-1982","","","","F","",""
"C122","Monsieur","DE PAR DE","GIRARD(<?!1ANOMALY>)","1","27","AVENUE D-ITALIE","75013","     PARIS     ","FRANCE","2PAR2@GMAIL.COM(<?!1ANOMALY>)","0617586577(<?!1ANOMALY>)","02-02-1982","","","","F","",""
"C123","Monsieur","DE PAR DE","GIRARD(<?!1ANOMALY>)","1","27","AVENUE D'ITALIE","75013","     PARIS     ","   FRANCE       ","2PAR2@GMAIL.COM(<?!1ANOMALY>)","0617586577(<?!1ANOMALY>)","","","","","F","",""
"C124","Monsieur","DE    PAR       DE","Girard","1","27","AVENUE D_ITALIE(<?!1ANOMALY>)","75013","     PARIS     ","FRANCE","2PAR2@GMAIL.COM(<?!1ANOMALY>)","0617586577(<?!1ANOMALY>)","02-02-1982","","","","F","",""
"C125","Monsieur","       DE PAR DE","Girard","1","27","AVENUE D_ITALIE(<?!1ANOMALY>)","75013","     PARIS     ","france(<?!1ANOMALY>)","2PAR2@GMAIL.COM(<?!1ANOMALY>)","0617586577(<?!1ANOMALY>)","02-02-1982","","","","F","",""
"C126","Monsieur","       DE PAR DE","Gir@rd(<?!1ANOMALY>)","1","27","AVENUE@D_ITALIE/(<?!1ANOMALY>)","75013","     paris     (<?!1ANOMALY>)","france(<?!1ANOMALY>)","2PAR2@GMAIL.COM(<?!1ANOMALY>)","0617586577(<?!1ANOMALY>)","02-02-1982","","","","F","",""
"C127","Monsieur","SMITH","John","1","","","","LONDON","United-Kingdom(<?!1ANOMALY>)","","","03-03-1983","","","","F","",""
"C128","Monsieur","BIDON","Jade","1","","","","LONDON","United-KINGDOM(<?!1ANOMALY>)","","","17-07-1977","","","","F","",""
"C129","Monsieur","STOne(<?!1ANOMALY>)","Brakeur","1","","","","LONDON","United-KINGDOM(<?!1ANOMALY>)","","","18-08-1988","","","","F","",""
"C130","MADAM(<?!1ANOMALY>)(<?!2ANOMALY>)","STOne(<?!1ANOMALY>)","Jane","1(<?!2ANOMALY>)","","","","Oxford(<?!1ANOMALY>)","United KINGDOM(<?!1ANOMALY>)","","","","","","","F","",""
"C131","MONsieur(<?!1ANOMALY>)(<?!2ANOMALY>)","CATS","BiLL(<?!1ANOMALY>)","9(<?!2ANOMALY>)","","Maison Planchhhe(<?!1ANOMALY>)","","NEW-YORk(<?!1ANOMALY>)","UNITED-STATS-AMERICA","","","17-09-1978","","","","F","",""
"C296","MONSIEUR(<?!1ANOMALY>)(<?!2ANOMALY>)","MOUBARAK","OOObana(<?!1ANOMALY>)","3(<?!2ANOMALY>)","-(<?!1ANOMALY>)","-(<?!1ANOMALY>)","-(<?!1ANOMALY>)","-","-","-(<?!1ANOMALY>)","-(<?!1ANOMALY>)","15-05-1965","20-01-2008(<?!1ANOMALY>)","","","F","",""
"C297","MADAME(<?!1ANOMALY>)(<?!2ANOMALY>)","CLEANTOOON(<?!1ANOMALY>)","Hilally","3(<?!2ANOMALY>)","-(<?!1ANOMALY>)","-(<?!1ANOMALY>)","-(<?!1ANOMALY>)","-","-","-(<?!1ANOMALY>)","-(<?!1ANOMALY>)","15-05-1966","20-01-2016(<?!1ANOMALY>)","","","F","",""
"C298     (<?!1ANOMALY>)","monsieur(<?!1ANOMALY>)(<?!2ANOMALY>)","TROMPE.(<?!1ANOMALY>)","Ronald","-3(<?!2ANOMALY>)","-(<?!1ANOMALY>)","-(<?!1ANOMALY>)","-(<?!1ANOMALY>)","-","-","usapresident@labas.com","-(<?!1ANOMALY>)","10-10-1945","20-01-2016(<?!1ANOMALY>)","","","","",""
"     C299(<?!1ANOMALY>)","MONSIEUuR    (<?!1ANOMALY>)(<?!2ANOMALY>)","BIDON!(<?!1ANOMALY>)","Joie","3(<?!2ANOMALY>)","-(<?!1ANOMALY>)","-(<?!1ANOMALY>)","-(<?!1ANOMALY>)","-","-","-(<?!1ANOMALY>)","-(<?!1ANOMALY>)","10-10-1941","03-11-2020(<?!1ANOMALY>)","-","","F","",""
"C300","MONSIEUR(<?!1ANOMALY>)(<?!2ANOMALY>)","HOBAAAMA(<?!1ANOMALY>)","M'Barek(<?!1ANOMALY>)","3(<?!2ANOMALY>)","-(<?!1ANOMALY>)","-(<?!1ANOMALY>)","-(<?!1ANOMALY>)","-","-","-(<?!1ANOMALY>)","-(<?!1ANOMALY>)","10-10-1985","20-01-2008(<?!1ANOMALY>)","-","","F","",""
"C554","Monsieur","ALIBABA","Mystere","1","55","Rue De Belleville(<?!1ANOMALY>)","75019","PARIS","FRANCE","sezameouvretoi.alibaba.myster@gmail.com","0697837311(<?!1ANOMALY>)","12-12-1992","","","","F","",""
"C555","Madame","SMART","Data","2","55","RUE DE BELLEVILLE","75019","PARIS","FRANCE","smartdata@gmail.com","+33755555555","","","","","F","",""
"C295","MONSIEUr(<?!1ANOMALY>)(<?!2ANOMALY>)","MOUCHE","Gorge","3(<?!2ANOMALY>)","-(<?!1ANOMALY>)","-(<?!1ANOMALY>)","-(<?!1ANOMALY>)","L'Hay-Les-Roses(<?!1ANOMALY>)","-","usapresident@labas.com","-(<?!1ANOMALY>)","02-02-1950","20-01-1991(<?!1ANOMALY>)","","","F","",""
